gameplay\gui\fonts\arame\bold\arame-mono-bold.fnt
gameplay\gui\fonts\arame\regular\arame-mono-regular.fnt
gameplay\gui\fonts\arial\bold\arial_bold.fnt
gameplay\gui\fonts\arial\regular\arial_regular.fnt
gameplay\gui\fonts\blender\bold\blenderpro-bold.fnt
gameplay\gui\fonts\blender\bold_italic\blenderpro-bolditalic.fnt
gameplay\gui\fonts\blender\book\blenderpro-book.fnt
gameplay\gui\fonts\blender\book_italic\blenderpro-bookitalic.fnt
gameplay\gui\fonts\digital_readout\digitalreadoutupright.fnt
gameplay\gui\fonts\foreign\arabic\ara_es_nawar\araesnawar-regular.fnt
gameplay\gui\fonts\foreign\chinese\jing_xi_heig\arudjingxiheig30_db.fnt
gameplay\gui\fonts\foreign\chinese_traditional\ar_fang_xing_run_yuan\arfangxinrunyuanb5_md.fnt
gameplay\gui\fonts\foreign\chinese_traditional\jing_xi_heig_b5\arudjingxiheib5_bd.fnt
gameplay\gui\fonts\foreign\chinese_traditional\jing_xi_heig_b5\arudjingxiheib5_db.fnt
gameplay\gui\fonts\foreign\chinese_traditional\jing_xi_heig_b5\arudjingxiheib5_md.fnt
gameplay\gui\fonts\foreign\japanese\mgenplus\mgenplus-1cp-bold.fnt
gameplay\gui\fonts\foreign\japanese\mgenplus\mgenplus-1cp-heavy.fnt
gameplay\gui\fonts\foreign\japanese\mgenplus\mgenplus-1cp-light.fnt
gameplay\gui\fonts\foreign\japanese\mgenplus\mgenplus-1cp-medium.fnt
gameplay\gui\fonts\foreign\japanese\mgenplus\mgenplus-1cp-regular.fnt
gameplay\gui\fonts\foreign\japanese\smart_font_ui\03smartfontui.fnt
gameplay\gui\fonts\foreign\korean\kbiz_go\kbizgob.fnt
gameplay\gui\fonts\foreign\korean\kbiz_go\kbizgoh.fnt
gameplay\gui\fonts\foreign\korean\kbiz_go\kbizgol.fnt
gameplay\gui\fonts\foreign\korean\kbiz_go\kbizgom.fnt
gameplay\gui\fonts\foreign\korean\kbiz_go\kbizgor.fnt
gameplay\gui\fonts\foreign\korean\nanum_square\nanumsquareb.fnt
gameplay\gui\fonts\foreign\korean\nanum_square\nanumsquareeb.fnt
gameplay\gui\fonts\foreign\korean\nanum_square\nanumsquarel.fnt
gameplay\gui\fonts\foreign\korean\nanum_square\nanumsquarer.fnt
gameplay\gui\fonts\foreign\russian\rajdhani-semibold_ru_v4.fnt
gameplay\gui\fonts\foreign\russian\rajdhani_medium_neu.fnt
gameplay\gui\fonts\foreign\thai\printable4u\printable4u_bold.fnt
gameplay\gui\fonts\foreign\thai\printable4u\printable4u_bold_italic.fnt
gameplay\gui\fonts\foreign\thai\printable4u\printable4u_italic.fnt
gameplay\gui\fonts\foreign\thai\printable4u\printable4u_regular.fnt
gameplay\gui\fonts\foreign\thai\th_sarabun_new\thsarabunnew.fnt
gameplay\gui\fonts\foreign\thai\th_sarabun_new\thsarabunnew_bold.fnt
gameplay\gui\fonts\foreign\thai\th_sarabun_new\thsarabunnew_bolditalic.fnt
gameplay\gui\fonts\foreign\thai\th_sarabun_new\thsarabunnew_italic.fnt
gameplay\gui\fonts\industry\industry_demi.fnt
gameplay\gui\fonts\orbitron\orbitron-black.fnt
gameplay\gui\fonts\orbitron\orbitron-bold.fnt
gameplay\gui\fonts\orbitron\orbitron-medium.fnt
gameplay\gui\fonts\orbitron\orbitron-regular.fnt
gameplay\gui\fonts\raj\raj-bold.fnt
gameplay\gui\fonts\raj\raj-medium.fnt
gameplay\gui\fonts\raj\raj-semibold.fnt
gameplay\gui\fonts\raj\rajdhani-regular.fnt
