surfaces\materials\asphalt\asphalt_old\asphalt_old_01_300.mltemplate
surfaces\materials\asphalt\asphalt_old\asphalt_old_fractured_01_300.mltemplate
surfaces\materials\asphalt\asphalt_old\asphalt_old_patches_01_300.mltemplate
surfaces\materials\asphalt\asphalt_paint\asphalt_paint_01_300.mltemplate
surfaces\materials\asphalt\asphalt_road\asphalt_road_01_300.mltemplate
surfaces\materials\asphalt\asphalt_road\asphalt_road_damaged_01_300.mltemplate
surfaces\materials\asphalt\asphalt_road\asphalt_road_new_01_300.mltemplate
surfaces\materials\asphalt\asphalt_road\asphalt_road_old_01_300.mltemplate
surfaces\materials\asphalt\asphalt_road\asphalt_tires_01_300.mltemplate
surfaces\materials\brick\bricks_old\bricks_old_damaged_01_200.mltemplate
surfaces\materials\brick\bricks_old\bricks_old_painted_01_200.mltemplate
surfaces\materials\brick\bricks_old\bricks_old_rough_01_200.mltemplate
surfaces\materials\brick\cinderblock\cinderblock_01_300.mltemplate
surfaces\materials\brick\cinderblock\cinderblock_painted_01_300.mltemplate
surfaces\materials\carpet\carpet_office_felt\carpet_office_felt_clean_01_300.mltemplate
surfaces\materials\carpet\carpet_ribbed\carpet_ribbed_clean_01_300.mltemplate
surfaces\materials\carpet\carpet_thick\carpet_thick_clean_01_300.mltemplate
surfaces\materials\carpet\carpet_underlay\carpet_underlay_old_01_300.mltemplate
surfaces\materials\concrete\concrete_cast\concrete_cast_rough_01_300.mltemplate
surfaces\materials\concrete\concrete_cast\concrete_cast_rough_dyed_01_300.mltemplate
surfaces\materials\concrete\concrete_new\concrete_new_clean_01_300.mltemplate
surfaces\materials\concrete\concrete_new\concrete_new_clean_dyed_01_300.mltemplate
surfaces\materials\concrete\concrete_new\concrete_new_cracked_01_300.mltemplate
surfaces\materials\concrete\concrete_new\concrete_new_dirty_01_300.mltemplate
surfaces\materials\concrete\concrete_new\concrete_new_painted_01_300.mltemplate
surfaces\materials\concrete\concrete_new\concrete_new_painted_matte_01_300.mltemplate
surfaces\materials\concrete\concrete_new\concrete_new_rough_01_300.mltemplate
surfaces\materials\concrete\concrete_new\concrete_new_rough_dyed_01_300.mltemplate
surfaces\materials\concrete\concrete_old\concrete_old_damage_01_300.mltemplate
surfaces\materials\concrete\concrete_old\concrete_old_damage_rebar_01_300.mltemplate
surfaces\materials\concrete\concrete_old\concrete_old_panels_01_300.mltemplate
surfaces\materials\concrete\concrete_old\concrete_old_panels_cracks_01_300.mltemplate
surfaces\materials\concrete\concrete_old\concrete_old_panels_horizontal_01_300.mltemplate
surfaces\materials\concrete\concrete_old\concrete_old_panels_horizontal_cracks_01_300.mltemplate
surfaces\materials\concrete\concrete_old\concrete_old_panels_horizontal_leaks_01_300.mltemplate
surfaces\materials\concrete\concrete_old\concrete_old_panels_leaks_01_300.mltemplate
surfaces\materials\concrete\concrete_old\concrete_old_shuttered_01_300.mltemplate
surfaces\materials\concrete\concrete_old\concrete_old_shuttered_cracks_01_300.mltemplate
surfaces\materials\concrete\concrete_old\concrete_old_shuttered_leaks_01_300.mltemplate
surfaces\materials\concrete\concrete_old\concrete_old_shuttered_painted_01_300.mltemplate
surfaces\materials\concrete\concrete_road\concrete_road_01_300.mltemplate
surfaces\materials\concrete\concrete_road\concrete_road_cracked_01_300.mltemplate
surfaces\materials\concrete\concrete_road\concrete_road_fractured_01_300.mltemplate
surfaces\materials\concrete\concrete_road\concrete_road_painted_01_300.mltemplate
surfaces\materials\concrete\concrete_road\concrete_road_tires_01_300.mltemplate
surfaces\materials\concrete\concrete_rough\concrete_rough_01_300.mltemplate
surfaces\materials\concrete\concrete_rough\concrete_rough_cracked_01_300.mltemplate
surfaces\materials\concrete\concrete_rough\concrete_rough_damaged_01_300.mltemplate
surfaces\materials\concrete\concrete_rough\concrete_rough_damaged_rebar_01_300.mltemplate
surfaces\materials\concrete\concrete_rough\concrete_rough_leaks_01_300.mltemplate
surfaces\materials\concrete\concrete_smooth\concrete_smooth_01_300.mltemplate
surfaces\materials\concrete\concrete_smooth\concrete_smooth_cracked_01_300.mltemplate
surfaces\materials\concrete\concrete_smooth\concrete_smooth_dyed_01_300.mltemplate
surfaces\materials\concrete\concrete_smooth\concrete_smooth_dyed_polished_01_300.mltemplate
surfaces\materials\concrete\concrete_smooth\concrete_smooth_old_01_300.mltemplate
surfaces\materials\concrete\concrete_smooth\concrete_smooth_polished_01_300.mltemplate
surfaces\materials\concrete\factory_floor\factory_floor_cracked_01_300.mltemplate
surfaces\materials\concrete\factory_floor\factory_floor_cracked_dyed_01_300.mltemplate
surfaces\materials\concrete\factory_floor\factory_floor_old_01_300.mltemplate
surfaces\materials\concrete\factory_floor\factory_floor_painted_01_300.mltemplate
surfaces\materials\concrete\factory_floor\factory_floor_painted_old_01_300.mltemplate
surfaces\materials\concrete\factory_floor\factory_floor_rough_01_300.mltemplate
surfaces\materials\custom\characters\cotton_shirt_neon_02_30.mltemplate
surfaces\materials\custom\characters\denim_neon_01_30.mltemplate
surfaces\materials\custom\characters\latex_neon_01_30.mltemplate
surfaces\materials\custom\characters\plastic_camo_01_30.mltemplate
surfaces\materials\custom\characters\plastic_tech_neon_01_300.mltemplate
surfaces\materials\custom\characters\player_wa_shirt_01.mltemplate
surfaces\materials\debug\colour_checker_plastic_tech.mltemplate
surfaces\materials\debug\debug_outdated.mltemplate
surfaces\materials\debug\debug_parity_test.mltemplate
surfaces\materials\debug\debug_uv_testing.mltemplate
surfaces\materials\debug\multilayer_debug.mltemplate
surfaces\materials\default\default_gray.mltemplate
surfaces\materials\fabric\canvas\canvas_clean_01_30.mltemplate
surfaces\materials\fabric\carbon_fiber\carbon_fiber_01_30.mltemplate
surfaces\materials\fabric\corduroy\corduroy_clean_01_30.mltemplate
surfaces\materials\fabric\cotton_shirt\cotton_shirt_clean_01_30.mltemplate
surfaces\materials\fabric\cotton_shirt\cotton_shirt_clean_02_30.mltemplate
surfaces\materials\fabric\cotton_twill\cotton_twill_clean_01_30.mltemplate
surfaces\materials\fabric\denim\denim_camo_01_30.mltemplate
surfaces\materials\fabric\denim\denim_camo_02_30.mltemplate
surfaces\materials\fabric\denim\denim_clean_01_30.mltemplate
surfaces\materials\fabric\denim\denim_clean_02.mltemplate
surfaces\materials\fabric\elastic\elastic_clean_01_30.mltemplate
surfaces\materials\fabric\elastic\elastic_ribbed_clean_01_30.mltemplate
surfaces\materials\fabric\felt\felt_clean_01_30.mltemplate
surfaces\materials\fabric\houndstooth\houndstooth_clean_01_30.mltemplate
surfaces\materials\fabric\jersey\jersey_clean_01_30.mltemplate
surfaces\materials\fabric\latex\latex_01_30.mltemplate
surfaces\materials\fabric\leather\leather_bull_01_30.mltemplate
surfaces\materials\fabric\leather\leather_croc_01_30.mltemplate
surfaces\materials\fabric\leather\leather_holes_01_30.mltemplate
surfaces\materials\fabric\leather\leather_old_01_30.mltemplate
surfaces\materials\fabric\leather\leather_old_02_30.mltemplate
surfaces\materials\fabric\leather\leather_rough_01_30.mltemplate
surfaces\materials\fabric\leather\leather_standard_clean_01_30.mltemplate
surfaces\materials\fabric\linen\linen_burlap_01_30.mltemplate
surfaces\materials\fabric\linen\linen_clean_01_30.mltemplate
surfaces\materials\fabric\mylar\mylar_clean_01_30.mltemplate
surfaces\materials\fabric\mylar_insulation\insulation_quilted_01_200.mltemplate
surfaces\materials\fabric\mylar_insulation\mylar_insulation_crumpled_01_200.mltemplate
surfaces\materials\fabric\mylar_insulation\mylar_insulation_quilted_01_200.mltemplate
surfaces\materials\fabric\nylon\nylon_01_30.mltemplate
surfaces\materials\fabric\nylon\nylon_metallic_01_30.mltemplate
surfaces\materials\fabric\nylon\nylon_strap_01_10.mltemplate
surfaces\materials\fabric\nylon\nylon_strap_02_10.mltemplate
surfaces\materials\fabric\oxford\oxford_clean_01_30.mltemplate
surfaces\materials\fabric\plaid\plaid_clean_01_30.mltemplate
surfaces\materials\fabric\plaid\plaid_clean_02_30.mltemplate
surfaces\materials\fabric\plaid\plaid_clean_03_30.mltemplate
surfaces\materials\fabric\plaid\plaid_clean_04_30.mltemplate
surfaces\materials\fabric\plastic_tarp\plastic_tarp_01_200.mltemplate
surfaces\materials\fabric\polyester\polyester_knit_clean_01_30.mltemplate
surfaces\materials\fabric\polyester\polyester_knit_clean_02_30.mltemplate
surfaces\materials\fabric\polyester\polyester_knit_clean_03_30.mltemplate
surfaces\materials\fabric\polyester\polyester_knit_metallic_01_30.mltemplate
surfaces\materials\fabric\sequin\sequin_clean_01_30.mltemplate
surfaces\materials\fabric\silk\silk_clean_01_30.mltemplate
surfaces\materials\fabric\spandex\spandex_clean_01_30.mltemplate
surfaces\materials\fabric\spandex\spandex_clean_02_30.mltemplate
surfaces\materials\fabric\velvet\velvet_clean_01_30.mltemplate
surfaces\materials\fabric\wool\wool_crossknit_clean_01_30.mltemplate
surfaces\materials\fabric\wool\wool_knit_clean_01_30.mltemplate
surfaces\materials\fabric\wool\wool_knit_clean_02_30.mltemplate
surfaces\materials\fabric\wool\wool_knit_clean_03_30.mltemplate
surfaces\materials\fabric\wool\wool_knit_clean_04_30.mltemplate
surfaces\materials\glass\mirror\mirror_01_100.mltemplate
surfaces\materials\glass\windows_opaque\windows_opaque_01_200.mltemplate
surfaces\materials\glass\windows_opaque\windows_opaque_foil_01_200.mltemplate
surfaces\materials\glass\windows_opaque\windows_opaque_foil_streaky_01_200.mltemplate
surfaces\materials\glass\windows_opaque\windows_opaque_streaky_01_200.mltemplate
surfaces\materials\graphics_logos\graphics_logos_001.mltemplate
surfaces\materials\graphics_logos\graphics_logos_002.mltemplate
surfaces\materials\graphics_logos\graphics_logos_003.mltemplate
surfaces\materials\graphics_logos\sticker_bomb_01.mltemplate
surfaces\materials\graphics_logos\tie_dye_01.mltemplate
surfaces\materials\graphics_logos\tie_dye_02.mltemplate
surfaces\materials\ground\dirt_universal\dirt_universal_01_300.mltemplate
surfaces\materials\ground\soil_peat\soil_peat_coarse_01_100.mltemplate
surfaces\materials\ground\soil_peat\soil_peat_fine_01_100.mltemplate
surfaces\materials\grunge\blood\blood_smooth_1_30.mltemplate
surfaces\materials\grunge\dust_light\dust_light_01_50.mltemplate
surfaces\materials\grunge\graffiti\graffiti_01_100.mltemplate
surfaces\materials\grunge\grime_film\grime_film_01_300.mltemplate
surfaces\materials\grunge\rust_thick\rust_thick_flaky_01_300.mltemplate
surfaces\materials\grunge\rust_thick\rust_thick_rough_01_300.mltemplate
surfaces\materials\grunge\rust_thick\rust_thick_smooth_01_300.mltemplate
surfaces\materials\grunge\rust_thick\rust_thick_spots_01_300.mltemplate
surfaces\materials\grunge\stains_oil\stains_oil_01_100.mltemplate
surfaces\materials\grunge\water\water_puddle_01_150.mltemplate
surfaces\materials\manmade\circuit_board\circuit_board_01_30.mltemplate
surfaces\materials\manmade\led_matrix\led_matrix_16x16_01_16.mltemplate
surfaces\materials\manmade\photovoltaic_cells\photovoltaic_cells_01_200.mltemplate
surfaces\materials\metal\aluminium\aluminium_annodised.mltemplate
surfaces\materials\metal\aluminium\aluminium_bare_01_300.mltemplate
surfaces\materials\metal\aluminium\aluminium_brushed_01_300.mltemplate
surfaces\materials\metal\aluminium\aluminium_old_01_300.mltemplate
surfaces\materials\metal\aluminium\aluminium_polished_01_300.mltemplate
surfaces\materials\metal\aluminium\aluminium_rolled_annodised.mltemplate
surfaces\materials\metal\aluminium\aluminium_rolled_bare_01_300.mltemplate
surfaces\materials\metal\aluminium\aluminium_rolled_rough_01_300.mltemplate
surfaces\materials\metal\aluminium\aluminium_rough_01_300.mltemplate
surfaces\materials\metal\brass\brass_bare_01_300.mltemplate
surfaces\materials\metal\brass\brass_brushed_01_300.mltemplate
surfaces\materials\metal\brass\brass_old_01_300.mltemplate
surfaces\materials\metal\brass\brass_polished_01_300.mltemplate
surfaces\materials\metal\brass\brass_rolled_bare_01_300.mltemplate
surfaces\materials\metal\brass\brass_rolled_rough_01_300.mltemplate
surfaces\materials\metal\brass\brass_rough_01_300.mltemplate
surfaces\materials\metal\bronze\bronze_bare_01_300.mltemplate
surfaces\materials\metal\bronze\bronze_old_01_300.mltemplate
surfaces\materials\metal\bronze\bronze_polished_01_300.mltemplate
surfaces\materials\metal\bronze\bronze_roof_tile_bare_01_300.mltemplate
surfaces\materials\metal\bronze\bronze_rough_01_300.mltemplate
surfaces\materials\metal\copper\copper_bare_01_300.mltemplate
surfaces\materials\metal\copper\copper_brushed_01_300.mltemplate
surfaces\materials\metal\copper\copper_old_01_300.mltemplate
surfaces\materials\metal\copper\copper_polished_01_300.mltemplate
surfaces\materials\metal\copper\copper_rolled_bare_01_300.mltemplate
surfaces\materials\metal\copper\copper_rolled_rough_01_300.mltemplate
surfaces\materials\metal\copper\copper_roof_tile_bare_01_300.mltemplate
surfaces\materials\metal\copper\copper_rough_01_300.mltemplate
surfaces\materials\metal\enameled_hq\enameled_hq_01_30.mltemplate
surfaces\materials\metal\enameled_metal\enameled_metal_clean_01_30.mltemplate
surfaces\materials\metal\enameled_metal\enameled_metal_weathered_01_30.mltemplate
surfaces\materials\metal\gold\gold_bare_01_300.mltemplate
surfaces\materials\metal\gold\gold_brushed_01_300.mltemplate
surfaces\materials\metal\gold\gold_old_01_300.mltemplate
surfaces\materials\metal\gold\gold_polished_01_300.mltemplate
surfaces\materials\metal\gold\gold_rough_01_300.mltemplate
surfaces\materials\metal\iron\iron_bare_01_300.mltemplate
surfaces\materials\metal\iron\iron_brushed_01_300.mltemplate
surfaces\materials\metal\iron\iron_polished_01_300.mltemplate
surfaces\materials\metal\iron\iron_rolled_bare_01_300.mltemplate
surfaces\materials\metal\iron\iron_rolled_rough_01_300.mltemplate
surfaces\materials\metal\iron\iron_rough_01_300.mltemplate
surfaces\materials\metal\iron_cast\iron_cast_01_300.mltemplate
surfaces\materials\metal\iron_cast\iron_cast_polished_01_300.mltemplate
surfaces\materials\metal\iron_cast\iron_cast_studs_01_300.mltemplate
surfaces\materials\metal\iron_cast_painted\iron_cast_painted_01_300.mltemplate
surfaces\materials\metal\iron_cast_painted\iron_cast_painted_studs_01_300.mltemplate
surfaces\materials\metal\iron_old\iron_old_01_100.mltemplate
surfaces\materials\metal\iron_old\iron_old_rusted_01_100.mltemplate
surfaces\materials\metal\metal_floor\metal_floor_dirty_01_100.mltemplate
surfaces\materials\metal\metal_floor\metal_floor_painted_dirty_01_100.mltemplate
surfaces\materials\metal\metal_generic_hq\metal_generic_cast_hq_01_30.mltemplate
surfaces\materials\metal\metal_generic_hq\metal_generic_hq_01_30.mltemplate
surfaces\materials\metal\patina\patina_01_300.mltemplate
surfaces\materials\metal\patina\patina_roof_tile_01_300.mltemplate
surfaces\materials\metal\silver\silver_bare_01_300.mltemplate
surfaces\materials\metal\silver\silver_brushed_01_300.mltemplate
surfaces\materials\metal\silver\silver_old_01_300.mltemplate
surfaces\materials\metal\silver\silver_polished_01_300.mltemplate
surfaces\materials\metal\silver\silver_rough_01_300.mltemplate
surfaces\materials\metal\steel\steel_bare_01_300.mltemplate
surfaces\materials\metal\steel\steel_bare_annodised_01_300.mltemplate
surfaces\materials\metal\steel\steel_bare_threadplate_01_300.mltemplate
surfaces\materials\metal\steel\steel_brushed_01_300.mltemplate
surfaces\materials\metal\steel\steel_old_01_300.mltemplate
surfaces\materials\metal\steel\steel_old_rusty_01_300.mltemplate
surfaces\materials\metal\steel\steel_old_rusty_threadplate_01_300.mltemplate
surfaces\materials\metal\steel\steel_old_scraped_01_300.mltemplate
surfaces\materials\metal\steel\steel_old_threadplate_01_300.mltemplate
surfaces\materials\metal\steel\steel_perforated_01_100.mltemplate
surfaces\materials\metal\steel\steel_polished_01_300.mltemplate
surfaces\materials\metal\steel\steel_rolled_bare_01_300.mltemplate
surfaces\materials\metal\steel\steel_rolled_bare_annodised_01_300.mltemplate
surfaces\materials\metal\steel\steel_rolled_rough_01_300.mltemplate
surfaces\materials\metal\steel\steel_rough_01_300.mltemplate
surfaces\materials\metal\steel\steel_rough_threadplate_01_300.mltemplate
surfaces\materials\metal\steel_brushed\steel_brushed_01_30.mltemplate
surfaces\materials\metal\steel_dented\steel_dented_01_100.mltemplate
surfaces\materials\metal\steel_dented\steel_dented_annodised_01_100.mltemplate
surfaces\materials\metal\steel_dented\steel_dented_coroded_01_100.mltemplate
surfaces\materials\metal\steel_dented\steel_dented_rusty_01_100.mltemplate
surfaces\materials\metal\steel_galvanized\steel_galvanized_01_300.mltemplate
surfaces\materials\metal\steel_galvanized\steel_galvanized_corrugated_01_300.mltemplate
surfaces\materials\metal\steel_galvanized\steel_galvanized_corrugated_02_300.mltemplate
surfaces\materials\metal\steel_galvanized\steel_galvanized_corrugated_painted_01_300.mltemplate
surfaces\materials\metal\steel_galvanized\steel_galvanized_corrugated_painted_02_300.mltemplate
surfaces\materials\metal\steel_galvanized\steel_galvanized_corrugated_rust_01_300.mltemplate
surfaces\materials\metal\steel_galvanized\steel_galvanized_corrugated_rust_02_300.mltemplate
surfaces\materials\metal\steel_hq\steel_hq_brushed_01_10.mltemplate
surfaces\materials\metal\steel_hq\steel_hq_milled_01_10.mltemplate
surfaces\materials\metal\steel_hq\steel_hq_milled_02_10.mltemplate
surfaces\materials\metal\steel_hq\steel_hq_noise_01_10.mltemplate
surfaces\materials\metal\steel_rebar\steel_rebar_01_30.mltemplate
surfaces\materials\metal\steel_tempered\steel_tempered_large_01_30.mltemplate
surfaces\materials\metal\steel_tempered\steel_tempered_large_02_30.mltemplate
surfaces\materials\metal\steel_tempered\steel_tempered_medium_01_30.mltemplate
surfaces\materials\metal\steel_tempered\steel_tempered_small_01_30.mltemplate
surfaces\materials\metal\titanium\titanium_bare_01_300.mltemplate
surfaces\materials\metal\titanium\titanium_brushed_01_300.mltemplate
surfaces\materials\metal\titanium\titanium_old_01_300.mltemplate
surfaces\materials\metal\titanium\titanium_polished_01_300.mltemplate
surfaces\materials\metal\titanium\titanium_rolled_bare_01_300.mltemplate
surfaces\materials\metal\titanium\titanium_rolled_rough_01_300.mltemplate
surfaces\materials\metal\titanium\titanium_rough_01_300.mltemplate
surfaces\materials\paint\car_paint\car_paint_metallic_01.mltemplate
surfaces\materials\paint\paint_fine\paint_fine_clean_01_300.mltemplate
surfaces\materials\paint\paint_fine\paint_fine_clean_matte_01_300.mltemplate
surfaces\materials\paint\paint_fine\paint_fine_old_01_300.mltemplate
surfaces\materials\paint\paint_thick\paint_thick_01_300.mltemplate
surfaces\materials\paint\paint_thick\paint_thick_chequer_01_300.mltemplate
surfaces\materials\paint\paint_thick\paint_thick_hazard_01_300.mltemplate
surfaces\materials\paint\paint_thick\paint_thick_old_01_300.mltemplate
surfaces\materials\paint\paint_thick\paint_thick_peeling_01_300.mltemplate
surfaces\materials\paper\wallpaper\wallpaper_pattern_a_old_01_300.mltemplate
surfaces\materials\paper\wallpaper\wallpaper_plain_01_300.mltemplate
surfaces\materials\paper\wallpaper\wallpaper_plain_damp_01_300.mltemplate
surfaces\materials\plaster\plaster_exterior\plaster_exterior_01_300.mltemplate
surfaces\materials\plaster\plaster_exterior\plaster_exterior_damp_01_300.mltemplate
surfaces\materials\plaster\plaster_exterior\plaster_exterior_damp_neutral_01_300.mltemplate
surfaces\materials\plaster\plaster_exterior\plaster_exterior_neutral_01_300.mltemplate
surfaces\materials\plaster\plaster_exterior\plaster_exterior_patched_01_300.mltemplate
surfaces\materials\plaster\plaster_exterior\plaster_exterior_patched_neutral_01_300.mltemplate
surfaces\materials\plaster\plaster_exterior\plaster_exterior_rough_01_300.mltemplate
surfaces\materials\plaster\plaster_exterior\plaster_exterior_rough_neutral_01_300_copy.mltemplate
surfaces\materials\plastic\duct_tape\duct_tape_characters_01_10.mltemplate
surfaces\materials\plastic\duct_tape\duct_tape_clean_01_10.mltemplate
surfaces\materials\plastic\foam\foam_01_100.mltemplate
surfaces\materials\plastic\foam\foam_pyramid_01_100.mltemplate
surfaces\materials\plastic\plastic_hard\plastic_hard_scratches.mltemplate
surfaces\materials\plastic\plastic_hard\plastic_hard_smooth.mltemplate
surfaces\materials\plastic\plastic_hq\plastic_scraped_textured_hq_01_300.mltemplate
surfaces\materials\plastic\plastic_hq\plastic_tech_hq_01_30.mltemplate
surfaces\materials\plastic\plastic_hq\rubber_clean_hq_01_30.mltemplate
surfaces\materials\plastic\plastic_lightcover\plastic_lightcover_01_50.mltemplate
surfaces\materials\plastic\plastic_pattern\plastic_pattern_bubble_01_30.mltemplate
surfaces\materials\plastic\plastic_pattern\plastic_pattern_diamond_01_30.mltemplate
surfaces\materials\plastic\plastic_pattern\plastic_pattern_smooth_01_30.mltemplate
surfaces\materials\plastic\plastic_pattern\plastic_pattern_square_01_30.mltemplate
surfaces\materials\plastic\plastic_pattern\plastic_pattern_squiggle_01_30.mltemplate
surfaces\materials\plastic\plastic_scraped\plastic_scraped_01_300.mltemplate
surfaces\materials\plastic\plastic_scraped\plastic_scraped_matte_01_300.mltemplate
surfaces\materials\plastic\plastic_scraped\plastic_scraped_matte_leopard_01_300.mltemplate
surfaces\materials\plastic\plastic_scraped\plastic_scraped_matte_zebra_01_300.mltemplate
surfaces\materials\plastic\plastic_scraped\plastic_scraped_old_01_300.mltemplate
surfaces\materials\plastic\plastic_scraped\plastic_scraped_textured_01_300.mltemplate
surfaces\materials\plastic\plastic_scraped\plastic_scraped_tread1_01_300.mltemplate
surfaces\materials\plastic\plastic_tech\plastic_tech_01_300.mltemplate
surfaces\materials\plastic\plastic_tech\plastic_tech_dirty_01_300.mltemplate
surfaces\materials\plastic\plastic_tech\plastic_tech_glossy_01_300.mltemplate
surfaces\materials\plastic\plastic_tech\plastic_tech_threadplate_01_300.mltemplate
surfaces\materials\plastic\plastic_tech\plastic_tech_worn_01_300.mltemplate
surfaces\materials\plastic\polythene_sheet\polythene_sheet_01_200.mltemplate
surfaces\materials\plastic\polythene_sheet\polythene_sheet_leaks_01_200.mltemplate
surfaces\materials\plastic\polythene_sheet\polythene_sheet_moisture_01_200.mltemplate
surfaces\materials\plastic\rubber_bumper\rubber_bumper_01_300.mltemplate
surfaces\materials\plastic\rubber_bumper\rubber_bumper_damaged_01_300.mltemplate
surfaces\materials\plastic\rubber_simple\rubber_simple_clean_01_30.mltemplate
surfaces\materials\plastic\rubber_simple\rubber_simple_weathered_01_30.mltemplate
surfaces\materials\special\unused.mltemplate
surfaces\materials\stone\marble\marble_plain_01.mltemplate
surfaces\materials\stone\marble\marble_plain_polished_01.mltemplate
surfaces\materials\stone\marble\marble_plain_raw_01.mltemplate
surfaces\materials\terrain\grass\grass_dry\grass_dry_01.mltemplate
surfaces\materials\terrain\grass\grass_green\grass_green_01.mltemplate
surfaces\materials\terrain\grass\grass_scrub\grass_scrub_01.mltemplate
surfaces\materials\terrain\rock\cliff_rock\cliff_rock_01.mltemplate
surfaces\materials\terrain\rock\cliff_rock\cliff_rock_02.mltemplate
surfaces\materials\terrain\rock\cliff_rock\cliff_rock_03.mltemplate
surfaces\materials\terrain\rock\pebbles_smooth\pebbles_smooth_01_200.mltemplate
surfaces\materials\terrain\rock\rock_debris\rock_debris_01.mltemplate
surfaces\materials\terrain\soil\gravel\gravel_01.mltemplate
surfaces\materials\terrain\soil\mud\mud_01.mltemplate
surfaces\materials\terrain\soil\sand\sand_compressed_01.mltemplate
surfaces\materials\terrain\soil\sand\sand_dry_cracked_01.mltemplate
surfaces\materials\terrain\soil\sand\sand_loose_01.mltemplate
surfaces\materials\terrain\soil\soil_rocky\soil_rocky_01.mltemplate
surfaces\materials\terrain\soil\soil_sandy\soil_sandy_01.mltemplate
surfaces\materials\terrain\trash\trash_01.mltemplate
surfaces\materials\terrain_only\terrain_asphalt_old_01.mltemplate
surfaces\materials\terrain_only\terrain_asphalt_old_fractured_01.mltemplate
surfaces\materials\terrain_only\terrain_cliff_rock_01.mltemplate
surfaces\materials\terrain_only\terrain_cliff_rock_02.mltemplate
surfaces\materials\terrain_only\terrain_cliff_rock_03.mltemplate
surfaces\materials\terrain_only\terrain_concrete_road_01.mltemplate
surfaces\materials\terrain_only\terrain_concrete_road_cracked_01.mltemplate
surfaces\materials\terrain_only\terrain_grass_dry_01.mltemplate
surfaces\materials\terrain_only\terrain_grass_green_01.mltemplate
surfaces\materials\terrain_only\terrain_grass_scrub_01.mltemplate
surfaces\materials\terrain_only\terrain_gravel_01.mltemplate
surfaces\materials\terrain_only\terrain_mud_01.mltemplate
surfaces\materials\terrain_only\terrain_rock_debris_01.mltemplate
surfaces\materials\terrain_only\terrain_sand_compressed_01.mltemplate
surfaces\materials\terrain_only\terrain_sand_dry_cracked_01.mltemplate
surfaces\materials\terrain_only\terrain_sand_loose_01.mltemplate
surfaces\materials\terrain_only\terrain_soil_rocky_01.mltemplate
surfaces\materials\terrain_only\terrain_soil_sandy_01.mltemplate
surfaces\materials\terrain_only\terrain_trash_01.mltemplate
surfaces\materials\tile\ceramic\ceramic_16x16_01_300.mltemplate
surfaces\materials\tile\ceramic\ceramic_16x16_01_metal_300.mltemplate
surfaces\materials\tile\ceramic\ceramic_16x16_dirty_01_300.mltemplate
surfaces\materials\tile\ceramic\ceramic_16x16_missing_01_300.mltemplate
surfaces\materials\tile\ceramic\ceramic_6x12_01_300.mltemplate
surfaces\materials\tile\ceramic\ceramic_6x12_damaged_01_300.mltemplate
surfaces\materials\tile\ceramic\ceramic_6x6_01_300.mltemplate
surfaces\materials\tile\ceramic\ceramic_6x6_damaged_01_300.mltemplate
surfaces\materials\tile\concrete_smooth_tile\concrete_smooth_tile_hex_5x6_01_300.mltemplate
surfaces\materials\tile\concrete_smooth_tile\concrete_smooth_tile_hex_foil_5x6_01_300.mltemplate
surfaces\materials\tile\concrete_smooth_tile\concrete_smooth_tile_hex_foil_5x6_02_300.mltemplate
surfaces\materials\tile\linoleum_floor\linoleum_floor_6x6_01_300.mltemplate
surfaces\materials\tile\linoleum_floor\linoleum_floor_6x6_worn_01_300.mltemplate
surfaces\materials\tile\linoleum_floor\linoleum_floor_strip_eggshell_01.mltemplate
surfaces\materials\wood\ebony\ebony_irregular_bare_01_300.mltemplate
surfaces\materials\wood\ebony\ebony_irregular_bare_02_300.mltemplate
surfaces\materials\wood\ebony\ebony_irregular_bare_02_hrz_300.mltemplate
surfaces\materials\wood\ebony\ebony_irregular_polished_01_300.mltemplate
surfaces\materials\wood\ebony\ebony_irregular_polished_02_300.mltemplate
surfaces\materials\wood\ebony\ebony_straight_bare_01_300.mltemplate
surfaces\materials\wood\ebony\ebony_straight_bare_02_300.mltemplate
surfaces\materials\wood\ebony\ebony_straight_polished_01_300.mltemplate
surfaces\materials\wood\ebony\ebony_straight_polished_02_300.mltemplate
surfaces\materials\wood\ebony\ebony_straight_polished_02_hrz_300.mltemplate
surfaces\materials\wood\ebony\ebony_straight_polished_floor_01_300.mltemplate
surfaces\materials\wood\ebony\ebony_straight_polished_floor_02_300.mltemplate
surfaces\materials\wood\wood_hq\wood_hq_burl_01_30.mltemplate
surfaces\materials\wood\wood_plain\wood_plain_beech_01_300.mltemplate
surfaces\materials\wood\wood_plain\wood_plain_beech_stained_01_300.mltemplate
surfaces\materials\wood\wood_plain\wood_plain_oak_01_300.mltemplate
surfaces\materials\wood\wood_plain\wood_plain_pine_01_300.mltemplate
surfaces\materials\wood\wood_plain\wood_plain_pine_polished_01_300.mltemplate
surfaces\materials\wood\wood_plain\wood_plain_plywood_01_300.mltemplate
engine\materials\defaults\multilayer_default.mltemplate
